"Path","Hash"
".gitignore","9967C7AE8C1BB88197A0B4F54226A72A16CA0C34"
".pio\build\ATmega128\idedata.json","759D59D88DD28D2BF50BF74951EEDDAEC3DC8574"
".pio\build\project.checksum","D827AED2C5EAC0F903982964C21E15C82E0A5773"
".vscode\c_cpp_properties.json","9578294A5DDE1E0C8D441032ABE630CDACC609BD"
".vscode\extensions.json","EBB2FCBFD3BD4E4340BD07546A0AF97A04C2A7BC"
".vscode\launch.json","052A32EE4B591E5B733AE941497990C8D2553722"
"dst_hash.csv","DA39A3EE5E6B4B0D3255BFEF95601890AFD80709"
"include\def.h","8EF41B60B692592EB791AFF2766EB051ABB2988A"
"include\drivers\delay.h","11E0F4717B11121985ACF1DEE51D447638BCE907"
"include\drivers\gpio.h","829188D4A83200A5B6C5F1EABFFA3789741E69F2"
"include\drivers\uart.h","112900695E9594C649F70D54D14C6C1E110C829A"
"include\gpio_port.h","1DC52230E408A2BBF6AD60805EB0A447844528B6"
"include\README","839698D9D0F084C72AA984BB345CBA42A7A08D3A"
"include\util\soft_timer.h","54565C1ED41ACD8EF56A907183BF4802D43F5E9F"
"lib\README","D19C11D56F4C55C43D8883C88E6FED1C5CBD8092"
"platformio.ini","1BC8A05206D016431C9F585D7AEE9525870B616B"
"src_hash.csv",
"src\app.c","F92360265D67ABD6EF5581D4AFA5E196D4EBB0F2"
"src\app.h","63450C2533C743F592C61DFE29A8FFC6121F0563"
"src\drivers\delay.c","AB7CE91FC32CF7DEB44C9A435041467C444EB9F7"
"src\drivers\gpio.c","5A0FAF977D5F7EB31CC9A8817F0F8B5E70B3FE4C"
"src\drivers\uart.c","6C2A3B49BC0460D2F3C0BBD914DE68E0A868E9C4"
"src\main.c","69503C4AD93DFD6826700C4FAAC362BE6A9C50B8"
"src\util\soft_timer.c","791B9702D37D33535F1163F7903C61A88033F4F4"
"test\README","16EFD262462298ED5C60A402F4908ED79DCC3281"
